lever	21st Century Home Health Services Inc.	21hhs
lever	2nd Order Solutions	2os
lever	32Co	32Co
lever	Acceldata	acceldata
lever	Accenture Infrastructure and Capital Projects, LLC	InfrastructureandCapitalProjects
lever	Accompany Health	AccompanyHealth
lever	ACORD Corporation	acord
lever	Actian Corporation	actian
lever	Ad Hoc Labs	adhoclabs
lever	Adi Development Group	adidevelopments
lever	Adora Technologies Inc	adora
lever	Adverum Biotechnologies, Inc.	adverum
lever	Aera Technology	aeratechnology
lever	Aeris Partners	aerispartners.com
lever	Aero	aero
lever	Aerostrat	aerostrat
lever	Aeva, Inc.	aeva
lever	Agate Software	agatesoftware
lever	Ajax Systems	ajax
lever	Akicita Federal, LLC	akicita-cyber
lever	Alertus Technologies	alertus
lever	all.health	all.health
lever	Allied Beverage Group	alliedbeverage
lever	Allstar Home Services, LLC	allstarservicesnow
lever	ALOM Technologies	alom
lever	Alveo Technologies	alveotechnologies
lever	Amar Bank	amarbank
lever	Ampd Energy	ampd-energy
lever	Ampeco Ltd	ampeco-global
lever	Analytic Partners	analyticpartners
lever	Anders Group	andersgroup
lever	Andersen Corporation/Renewal by Andersen	andersencorp
lever	Ansatz Capital	ansatzcapital
lever	Apax Partners	apax
lever	APCO Holdings	apcoholdings
lever	applike group	applike
lever	AppZen, Inc.	appzen
lever	Arbital Health	arbitalhealth
lever	Arbitrum OpCo	arbitrum-opco
lever	Argonaut, Inc.	argonaut
lever	Array Labs	arraylabs.io
lever	Arrive Logistics	arrivelogistics
lever	Arvor Insurance, Inc	arvor-insurance
lever	Asendia Inc	asendia
lever	Asian Health Services	ahschc
lever	ATI Business Group	atibusinessgroup
lever	August Bioservices	AugustBioservices
lever	Automatiq	automatiq
lever	Avalanche Studios Group	avalanchestudios
lever	Avalere Health	avalerehealth
lever	AVIO Consulting	avioconsulting
lever	Aviya Aerospace Systems	aviyatech
lever	B.F. Saul Company Hospitality Group	bfsaulhotels
lever	Banco BV	bv
lever	Banner Bank	bannerbank
lever	BAO, Inc	baoinc
lever	Bedrock Energy	bedrockenergy
lever	Bee Green Recycling & Supply, LLC	beegreen
lever	Beghou Consulting	beghouconsulting
lever	Bellota Labs	bellotalabs
lever	BETA Technologies	beta
lever	Better Life Partners	betterlifepartners
lever	Beyond Cloud Consulting Inc.	beyondcloudconsulting
lever	Big Health	bighealth
lever	Biggie Group	biggie
lever	BIS Safety Software	bis
lever	Bloom & Wild Group	bloomon
lever	BlueCloud Services, Inc.	blue
lever	Bluelight Consulting	bluelightconsulting
lever	Bogaard Group International	bogaardgroup
lever	Bold Orange Company, LLC	bold-orange
lever	Bolster Inc.	bolster
lever	BrainStorm, Inc.	brainstorminc
lever	BRICK Networks	bricknetworks
lever	Brooklyn Investment Group	bkln
lever	Buckeye Corrugated, Inc.	bcipkg
lever	Bumble Inc.	bumbleinc
lever	Cambium Networks	cambiumnetworks
lever	CampusWorks, Inc.	campusworksinc
lever	Canary Technologies Corp	canarytechnologies
lever	Capital Markets Gateway	cmgx
lever	Capital Solutions Group	capitalsolutionsgroup
lever	capital.com	capital
lever	Carbon Health	carbonhealth
lever	Carewest Innovative Healthcare	carewest
lever	cargo-partner	cargo-partner
lever	Carly Rian Group	carlyriangroup
lever	Celestia Labs	celestia
lever	Center For Humane Technology	humanetech
lever	CESO, Inc.	ceso
lever	Channel Corp.	zoyi
lever	Chinese American Service League	caslservice
lever	CIM Group, LP	cimgroup
lever	Circadia Health	circadiahealth
lever	Circle Care Services	circlecareservices
lever	Circle Pharma	circlepharma
lever	Cirque du Soleil Entertainment Group	cirquedusoleil
lever	CITCON USA LLC	citcon
lever	Clarify Health	clarifyhealth
lever	Clear Capital | CubiCasa	clearcapital
lever	Clinical Health Network For Transformation	ClinicalHealthNetworkForTransformation
lever	Cloudforce	go-cloudforce
lever	Cloudinary	cloudinary
lever	CloudWalk	cloudwalk
lever	co:collective	cocollective
lever	Coates Group	coatesgroup
lever	Cogent Talent Solutions	cogentanalytics
lever	Colibri Group	colibrigroup
lever	Commonwealth Fusion Systems	cfsenergy
lever	CompassX Group	compassx
lever	Component Repair Technologies	componentrepairtechnologies
lever	Computer World Services	cwsc
lever	Constellation Technologies, Inc	cti-md
lever	Copia Automation	copia
lever	CopilotKit, Inc.	copilotkit
lever	Coupa Software, Inc.	coupa
lever	Crescent Biopharma	crescent-biopharma
lever	CrossCountry Consulting	crosscountry-consulting
lever	CrossFit, LLC	crossfit
lever	Crosslake Technologies LLC	crosslaketech
lever	CVRx, Inc.	CVRx
lever	CXT Software	cxtsoftware
lever	CyberOne Security	cyberonesecurity
lever	D-Fend Solutions	d-fendsolutions
lever	DABS, Inc.	dabsinc
lever	Daniels Health	daniels-sharpsmart
lever	Datalab USA	datalabusa
lever	Dataroid	dataroid
lever	Decile Group	decilegroup
lever	DELFI Diagnostics, Inc.	delfidiagnostics
lever	Delta Airport Consultants	deltaairportconsultants
lever	Delta Solutions & Strategies	deltasands
lever	Design Solutions & Integration	dsi
lever	Digital Matter	digital-matter
lever	Digital Media Management	digitalmediamanagement
lever	DigitalFish, Inc	digitalfish
lever	Diversified Automation	diversified-automation
lever	DN LLC	dnllc
lever	Donor Network West	dnwest
lever	Doran Jones Inc.	doranjones
lever	Easy Street Capital	easystreetcap
lever	Ecosystem	ecosystem
lever	Education Services LLC	education-services
lever	Educative Inc	educative
lever	Element Solutions	elementsolutions
lever	Eleos Technologies	eleostech
lever	Emerson Human Capital Consulting	emersonhc
lever	Emi Labs	emilabs
lever	Empirico	empiricotx
lever	Enara Health	EnaraHealth
lever	Encore Renewable Energy	encore-renewable-energy
lever	Energy and Environmental Economics	ethree
lever	Energy Recovery	energyrecovery
lever	Energy Vault	EnergyVault
lever	Enforce Consulting	enforceconsulting
lever	Enigma Aerospace	crgo
lever	Epifi Technologies	epifi
lever	EQ Bank | Equitable Bank	eqbank
lever	Estenda Solutions	estenda
lever	Ethena Labs	ethenalabs
lever	Evergreen Strategy Group	evergreenstrategygroup
lever	Extreme Networks	extremenetworks
lever	Fate Therapeutics, Inc.	fatetherapeutics
lever	Findhelp, A Public Benefit Corporation	findhelp
lever	Five Star Solutions	getfivestar
lever	Fix Group Management	FixGroup
lever	Florence Health	florence
lever	Flynn Group of Companies	flynncompanies
lever	Forbright Bank	forbrightbank
lever	Fortress Financial Technologies	fortress
lever	Freshworks	freshworks
lever	FWG Solutions, Inc.	fwgsolutions
lever	Galatea Bio, Inc.	galatea
lever	Gauss Labs	gausslabs
lever	Genesis Global	genesis
lever	Getlabs	getlabs
lever	Giving Home Health Care	givinghhc
lever	Glass Health Inc.	glass-health-inc
lever	Global Commissioning	global-cxm
lever	Global Elite Empire Consultants	globalelitecareers
lever	Global Health Corps	ghcorps
lever	Global Lending Services	glsllc
lever	Global Strategy Group	globalstrategygroup
lever	Gordian Biotechnology	gordian-bio
lever	GoTo Group	GoToGroup
lever	Grant Street Group	grantstreet
lever	Graylog, Inc	graylog
lever	Greenlight Financial Technology	greenlight
lever	H2 Event Group	h2eventgroup
lever	HAP Capital	hap-capital
lever	Happy Health	happy-sleep
lever	HappyCo	happyco
lever	Hartizen Homes, LLC	hartizenhomes
lever	HavenPoint Health	havenpoint-health
lever	Hawaiian Host Group	hawaiianhost
lever	Hawthorne Health	hawthorne-health
lever	Health Services Advisory Group, Inc.	hsag
lever	HealthCare	healthcare
lever	Healthmark Group Trial	healthmark-group
lever	Heartbeat Health	heartbeathealth
lever	Heartworks Early Education	heartworksvt
lever	Hevo Data	hevodata
lever	Hint Health	hint
lever	Hivemind Capital Partners	hivemind-capital
lever	Hope Services	hopeservices
lever	Hosco	hosco
lever	Huckleberry Labs	Huckleberrylabs
lever	Idealist Consulting	idealistconsulting
lever	IDMWORKS	idmworks
lever	Immiland Canada Inc.	immiland-canada-inc
lever	IMO Health	imo-online
lever	Impossible Cloud	impossiblecloud
lever	Improbable LLC	improbable-2
lever	In Compass Health	incompasshealth
lever	Included Health	includedhealth
lever	Inductive Automation	inductiveautomation
lever	InductiveHealth	inductivehealth
lever	Infobase	infobase
lever	InfraServices	infraservices
lever	Innodata	innodata
