lever	Wealthsimple	wealthsimple
lever	MasterClass	masterclass
lever	WHOOP	whoop
lever	Opendoor	opendoor
lever	Strava	strava
lever	Hugging Face	huggingface
lever	Sentry	sentry
lever	dbt Labs	dbt
lever	Hex	hex
lever	Coda	coda
lever	SoundCloud	soundcloud
lever	Vimeo	vimeo
lever	Rapid7	rapid7
lever	Tenable	tenable
lever	SentinelOne	sentinelone
lever	Arctic Wolf	arcticwolf
lever	Circle	circle
lever	Chainalysis	chainalysis
lever	Gemini	gemini
lever	BILL	bill
lever	Avalara	avalara
lever	Airbase	airbase
lever	Unit	unit
lever	Lithic	lithic
lever	Column	column
lever	Increase	increase
lever	Rippling	rippling
lever	Skillshare	skillshare
lever	Preply	preply
lever	Busuu	busuu
lever	Udacity	udacity
lever	DataCamp	datacamp
lever	Codecademy	codecademy
lever	Hims & Hers	hims
lever	Cityblock	cityblock
lever	Oscar Health	oscar
lever	Cedar	cedar
lever	Commure	commure
lever	Nabla	nabla
lever	Nubank	nubank
lever	Mercado Libre	mercadolibre
lever	dLocal	dlocal
lever	Rapyd	rapyd
lever	Airwallex	airwallex
lever	Blue Apron	blueapron
lever	Sunbasket	sunbasket
lever	Thrive Market	thrivemarket
lever	ButcherBox	butcherbox
lever	Misfits Market	misfitsmarket
lever	HomeToGo	hometogo
lever	Klook	klook
lever	Lime	lime
lever	Getaround	getaround
lever	Scopely	scopely
lever	Jam City	jamcity
lever	Rec Room	recroom
lever	VRChat	vrchat
lever	Dailymotion	dailymotion
lever	Imgur	imgur
lever	VSCO	vsco
lever	Tonal	tonal
lever	Hydrow	hydrow
lever	Noom	noom
lever	FitOn	fiton
lever	Tempo	tempo
lever	Echelon	echelon
lever	Ergatta	ergatta
lever	Sweetgreen	sweetgreen
lever	Cava	cava
lever	Glossier	glossier
lever	Away	away
lever	Casper	casper
lever	Purple	purple
lever	Brooklinen	brooklinen
lever	Everlane	everlane
lever	Reformation	reformation
lever	Rothy's	rothys
lever	Wrike	wrike
lever	Doist	doist
lever	Slite	slite
lever	Lucid	lucid
lever	InVision	invision
lever	Zeplin	zeplin
lever	Replicate	replicate
lever	Together AI	together
lever	Anyscale	anyscale
lever	Modal	modal
lever	Baseten	baseten
lever	Cohere	cohere
lever	Adept	adept
lever	ElevenLabs	elevenlabs
lever	Suno	suno
lever	LangChain	langchain
lever	LlamaIndex	llamaindex
lever	Pinecone	pinecone
lever	Weaviate	weaviate
lever	Qdrant	qdrant
lever	Langfuse	langfuse
lever	Weights & Biases	wandb
lever	Arize AI	arize
lever	Braintrust	braintrust
lever	MotherDuck	motherduck
lever	Dagster	dagster
lever	Prefect	prefect
lever	Astronomer	astronomer
lever	Lightdash	lightdash
lever	Tinybird	tinybird
lever	Hightouch	hightouch
lever	Census	census
lever	PostHog	posthog
lever	RudderStack	rudderstack
lever	FullStory	fullstory
lever	Hotjar	hotjar
lever	Dashlane	dashlane
lever	Bitwarden	bitwarden
lever	Wiz	wiz
lever	Snyk	snyk
lever	Drift	drift
lever	Guru	guru
lever	Lattice	lattice
lever	Apollo	apollo
lever	Outreach	outreach
lever	Salesloft	salesloft
lever	Clari	clari
lever	Gong	gong
lever	Chorus	chorus
lever	North Highland	northhighland
lever	Point B	pointb
lever	Propeller	propellerinc
lever	Mavensoft	maven
lever	Sogeti	sogeti
lever	Apex Systems	apexsystems
lever	NewRocket	newrocket
lever	RapDev	rapdev
lever	Cask	caskllc
lever	INRY	inry
lever	Acorio	acorio
lever	GlideFast	glidefast
lever	Plat4mation	plat4mation
lever	Serenity	serenityit
lever	Highmetric	highmetric
lever	Fishbone	fishbone
greenhouse	RapDev	rapdev
greenhouse	NewRocket	newrocket
greenhouse	Cask	caskllc
greenhouse	INRY	inry
greenhouse	GlideFast	glidefast
greenhouse	Acorio	acorio
greenhouse	Sentry	sentry
greenhouse	Hugging Face	huggingface
greenhouse	dbt Labs	dbt
greenhouse	Hex	hex
greenhouse	Coda	coda
greenhouse	PostHog	posthog
greenhouse	LangChain	langchain
greenhouse	Pinecone	pinecone
greenhouse	Weights & Biases	wandb
greenhouse	Replicate	replicate
greenhouse	Modal	modal
greenhouse	ElevenLabs	elevenlabs
greenhouse	Wiz	wiz
greenhouse	Snyk	snyk
greenhouse	Arctic Wolf	arcticwolf
greenhouse	SentinelOne	sentinelone
greenhouse	Rapid7	rapid7
greenhouse	Tenable	tenable
greenhouse	1Password	1password
greenhouse	Dashlane	dashlane
greenhouse	Bitwarden	bitwarden
greenhouse	Circle	circle
greenhouse	Chainalysis	chainalysis
greenhouse	BILL	bill
greenhouse	Avalara	avalara
greenhouse	Airbase	airbase
greenhouse	Mercury	mercury
greenhouse	Gusto	gusto
greenhouse	Rippling	rippling
greenhouse	Deel	deel
greenhouse	Lattice	lattice
greenhouse	Culture Amp	cultureamp
greenhouse	15Five	15five
greenhouse	ClickUp	clickup
greenhouse	Front	front
greenhouse	Loom	loom
greenhouse	Calendly	calendly
greenhouse	Drift	drift
greenhouse	Guru	guru
greenhouse	Apollo	apollo
greenhouse	Clari	clari
greenhouse	Chorus	chorus
greenhouse	Gong	gong
greenhouse	Outreach	outreach
greenhouse	Salesloft	salesloft
greenhouse	Braze	braze
greenhouse	FullStory	fullstory
greenhouse	Hotjar	hotjar
greenhouse	SoundCloud	soundcloud
greenhouse	Vimeo	vimeo
greenhouse	Strava	strava
greenhouse	WHOOP	whoop
greenhouse	Oura	oura
greenhouse	Noom	noom
greenhouse	Sweetgreen	sweetgreen
greenhouse	Glossier	glossier
greenhouse	Away	away
greenhouse	Casper	casper
greenhouse	Everlane	everlane
greenhouse	Reformation	reformation
greenhouse	Warby Parker	warbyparker
greenhouse	Opendoor	opendoor
greenhouse	MasterClass	masterclass
greenhouse	Udacity	udacity
greenhouse	DataCamp	datacamp
greenhouse	Codecademy	codecademy
greenhouse	Skillshare	skillshare
greenhouse	Preply	preply
greenhouse	Hims & Hers	hims
greenhouse	Oscar Health	oscar
greenhouse	Cedar	cedar
greenhouse	Cityblock	cityblock
greenhouse	Nubank	nubank
greenhouse	Wealthsimple	wealthsimple
greenhouse	Blue Apron	blueapron
greenhouse	Thrive Market	thrivemarket
greenhouse	ButcherBox	butcherbox
greenhouse	Lime	lime
greenhouse	Tonal	tonal
greenhouse	Hydrow	hydrow
greenhouse	FitOn	fiton
greenhouse	Dagster	dagster
greenhouse	Prefect	prefect
greenhouse	Astronomer	astronomer
greenhouse	Hightouch	hightouch
greenhouse	Census	census
greenhouse	RudderStack	rudderstack
greenhouse	MotherDuck	motherduck
greenhouse	Lightdash	lightdash
greenhouse	Tinybird	tinybird
greenhouse	Baseten	baseten
greenhouse	Together AI	together
greenhouse	Anyscale	anyscale
greenhouse	Adept	adept
greenhouse	Suno	suno
greenhouse	LlamaIndex	llamaindex
greenhouse	Weaviate	weaviate
greenhouse	Qdrant	qdrant
greenhouse	Langfuse	langfuse
greenhouse	Arize AI	arize
greenhouse	Braintrust	braintrust
